名称,住所,避難場所面積,避難場所の収容可能人員,避難施設の収容可能人員,URL,コメント,電話番号,写真,担当課,経度,緯度,分類
指定避難所（桜丘小学校）,仙台市青葉区桜ケ丘8-1-1,"14,027(㎡)","7,000(人)",723(人),http://www.city.sendai.jp/kurashi/shobo/saigai/1188545_1388.html,避難のための広場と建物を備えた施設で，市立の小学校，中学校，高等学校が指定されています。,,/sendaicity-html/pict/80101_001.jpg,危機管理室減災推進課,140.8495693,38.30365386,指定避難所
指定避難所（中山中学校）,仙台市青葉区中山6-16-1,"11,383(㎡)","5,600(人)",898(人),http://www.city.sendai.jp/kurashi/shobo/saigai/1188545_1388.html,避難のための広場と建物を備えた施設で，市立の小学校，中学校，高等学校が指定されています。,,/sendaicity-html/pict/80101_001.jpg,危機管理室減災推進課,140.8395597,38.29633791,指定避難所
指定避難所（中山小学校）,仙台市青葉区中山1-6-1,"9,851(㎡)","4,900(人)",890(人),http://www.city.sendai.jp/kurashi/shobo/saigai/1188545_1388.html,避難のための広場と建物を備えた施設で，市立の小学校，中学校，高等学校が指定されています。,,/sendaicity-html/pict/80101_001.jpg,危機管理室減災推進課,140.8507201,38.29174713,指定避難所
指定避難所（北仙台中学校）,仙台市青葉区東勝山2-31-1,"14,449(㎡)","7,200(人)",852(人),http://www.city.sendai.jp/kurashi/shobo/saigai/1188545_1388.html,避難のための広場と建物を備えた施設で，市立の小学校，中学校，高等学校が指定されています。,,/sendaicity-html/pict/80101_001.jpg,危機管理室減災推進課,140.8635573,38.29276992,指定避難所
指定避難所（台原小学校）,仙台市青葉区台原5-16-1,"8,980(㎡)","4,400(人)","1,070(人)",http://www.city.sendai.jp/kurashi/shobo/saigai/1188545_1388.html,避難のための広場と建物を備えた施設で，市立の小学校，中学校，高等学校が指定されています。,,/sendaicity-html/pict/80101_001.jpg,危機管理室減災推進課,140.8798745,38.28590798,指定避難所
指定避難所（旭丘小学校）,仙台市青葉区旭ケ丘3-27-1,"7,409(㎡)","3,700(人)",787(人),http://www.city.sendai.jp/kurashi/shobo/saigai/1188545_1388.html,避難のための広場と建物を備えた施設で，市立の小学校，中学校，高等学校が指定されています。,,/sendaicity-html/pict/80101_001.jpg,危機管理室減災推進課,140.8860031,38.2966989,指定避難所
指定避難所（荒巻小学校）,仙台市青葉区荒巻神明町21-1,"7,324(㎡)","3,600(人)",797(人),http://www.city.sendai.jp/kurashi/shobo/saigai/1188545_1388.html,避難のための広場と建物を備えた施設で，市立の小学校，中学校，高等学校が指定されています。,,/sendaicity-html/pict/80101_001.jpg,危機管理室減災推進課,140.8572144,38.28659531,指定避難所
指定避難所（国見小学校）,仙台市青葉区国見2-16-1,"5,407(㎡)","2,700(人)",991(人),http://www.city.sendai.jp/kurashi/shobo/saigai/1188545_1388.html,避難のための広場と建物を備えた施設で，市立の小学校，中学校，高等学校が指定されています。,,/sendaicity-html/pict/80101_001.jpg,危機管理室減災推進課,140.8446883,38.2768098,指定避難所
指定避難所（三条中学校）,仙台市青葉区三条町3-1,"10,011(㎡)","5,000(人)",960(人),http://www.city.sendai.jp/kurashi/shobo/saigai/1188545_1388.html,避難のための広場と建物を備えた施設で，市立の小学校，中学校，高等学校が指定されています。,,/sendaicity-html/pict/80101_001.jpg,危機管理室減災推進課,140.8543371,38.28044312,指定避難所
指定避難所（通町小学校）,仙台市青葉区通町1-1-1,"3,969(㎡)","1,900(人)",694(人),http://www.city.sendai.jp/kurashi/shobo/saigai/1188545_1388.html,避難のための広場と建物を備えた施設で，市立の小学校，中学校，高等学校が指定されています。,,/sendaicity-html/pict/80101_001.jpg,危機管理室減災推進課,140.8631334,38.27673287,指定避難所
指定避難所（小松島小学校）,仙台市青葉区小松島2-1-1,"8,130(㎡)","4,000(人)","1,060(人)",http://www.city.sendai.jp/kurashi/shobo/saigai/1188545_1388.html,避難のための広場と建物を備えた施設で，市立の小学校，中学校，高等学校が指定されています。,,/sendaicity-html/pict/80101_001.jpg,危機管理室減災推進課,140.8889296,38.28045881,指定避難所
指定避難所（八幡小学校）,仙台市青葉区八幡2-9-1,"8,103(㎡)","4,000(人)","1,040(人)",http://www.city.sendai.jp/kurashi/shobo/saigai/1188545_1388.html,避難のための広場と建物を備えた施設で，市立の小学校，中学校，高等学校が指定されています。,,/sendaicity-html/pict/80101_001.jpg,危機管理室減災推進課,140.8532237,38.27122745,指定避難所
指定避難所（木町通小学校）,仙台市青葉区木町通1-7-36,"7,400(㎡)","3,700(人)","1,393(人)",http://www.city.sendai.jp/kurashi/shobo/saigai/1188545_1388.html,避難のための広場と建物を備えた施設で，市立の小学校，中学校，高等学校が指定されています。,,/sendaicity-html/pict/80101_001.jpg,危機管理室減災推進課,140.8635259,38.27092153,指定避難所
指定避難所（上杉山中学校）,仙台市青葉区上杉6-7-1,"11,357(㎡)","5,600(人)","1,070(人)",http://www.city.sendai.jp/kurashi/shobo/saigai/1188545_1388.html,避難のための広場と建物を備えた施設で，市立の小学校，中学校，高等学校が指定されています。,,/sendaicity-html/pict/80101_001.jpg,危機管理室減災推進課,140.8742483,38.27882772,指定避難所
指定避難所（五城中学校）,仙台市青葉区東照宮1-3-1,"5,954(㎡)","2,900(人)",976(人),http://www.city.sendai.jp/kurashi/shobo/saigai/1188545_1388.html,避難のための広場と建物を備えた施設で，市立の小学校，中学校，高等学校が指定されています。,,/sendaicity-html/pict/80101_001.jpg,危機管理室減災推進課,140.8820138,38.27934478,指定避難所
指定避難所（片平丁小学校）,仙台市青葉区片平1-7-1,"3,808(㎡)","1,900(人)",702(人),http://www.city.sendai.jp/kurashi/shobo/saigai/1188545_1388.html,避難のための広場と建物を備えた施設で，市立の小学校，中学校，高等学校が指定されています。,,/sendaicity-html/pict/80101_001.jpg,危機管理室減災推進課,140.8690255,38.25607397,指定避難所
指定避難所（折立小学校）,仙台市青葉区折立4-2-1,"6,824(㎡)","3,400(人)",727(人),http://www.city.sendai.jp/kurashi/shobo/saigai/1188545_1388.html,避難のための広場と建物を備えた施設で、市立の小学校、中学校、高等学校が指定されています。,,/sendaicity-html/pict/80101_001.jpg,危機管理室減災推進課,140.8081785,38.26069481,指定避難所
指定避難所（川平小学校）,仙台市青葉区川平3-36-1,"6,603(㎡)","3,300(人)",853(人),http://www.city.sendai.jp/kurashi/shobo/saigai/1188545_1388.html,避難のための広場と建物を備えた施設で，市立の小学校，中学校，高等学校が指定されています。,,/sendaicity-html/pict/80101_001.jpg,危機管理室減災推進課,140.8379203,38.30557569,指定避難所
指定避難所（東六番丁小学校）,仙台市青葉区宮町1-2-1,"4,414(㎡)","2,200(人)",672(人),http://www.city.sendai.jp/kurashi/shobo/saigai/1188545_1388.html,避難のための広場と建物を備えた施設で，市立の小学校，中学校，高等学校が指定されています。,,/sendaicity-html/pict/80101_001.jpg,危機管理室減災推進課,140.8839232,38.26574325,指定避難所
指定避難所（北六番丁小学校）,仙台市青葉区宮町4-4-17,"3,500(㎡)","1,700(人)",770(人),http://www.city.sendai.jp/kurashi/shobo/saigai/1188545_1388.html,避難のための広場と建物を備えた施設で，市立の小学校，中学校，高等学校が指定されています。,,/sendaicity-html/pict/80101_001.jpg,危機管理室減災推進課,140.8822224,38.27593397,指定避難所
指定避難所（貝森小学校）,仙台市青葉区貝ケ森5-6-1,"8,475(㎡)","4,200(人)",518(人),http://www.city.sendai.jp/kurashi/shobo/saigai/1188545_1388.html,避難のための広場と建物を備えた施設で，市立の小学校，中学校，高等学校が指定されています。,,/sendaicity-html/pict/80101_001.jpg,危機管理室減災推進課,140.8395938,38.28631965,指定避難所
指定避難所（広瀬小学校）,仙台市青葉区下愛子字二本松40,"12,796(㎡)","6,300(人)","1,360(人)",http://www.city.sendai.jp/kurashi/shobo/saigai/1188545_1388.html,避難のための広場と建物を備えた施設で，市立の小学校，中学校，高等学校が指定されています。,,/sendaicity-html/pict/80101_001.jpg,危機管理室減災推進課,140.77643,38.27126471,指定避難所
指定避難所（広瀬中学校）,仙台市青葉区愛子中央1-9-1,"28,000(㎡)","14,000(人)","1,327(人)",http://www.city.sendai.jp/kurashi/shobo/saigai/1188545_1388.html,避難のための広場と建物を備えた施設で，市立の小学校，中学校，高等学校が指定されています。,,/sendaicity-html/pict/80101_001.jpg,危機管理室減災推進課,140.7627081,38.27346288,指定避難所
指定避難所（上愛子小学校）,仙台市青葉区上愛子字白沢14,"10,947(㎡)","5,400(人)",543(人),http://www.city.sendai.jp/kurashi/shobo/saigai/1188545_1388.html,避難のための広場と建物を備えた施設で，市立の小学校，中学校，高等学校が指定されています。,,/sendaicity-html/pict/80101_001.jpg,危機管理室減災推進課,140.6931455,38.28469217,指定避難所
指定避難所（作並小学校）,仙台市青葉区作並字北子原6,"3,554(㎡)","1,700(人)",512(人),http://www.city.sendai.jp/kurashi/shobo/saigai/1188545_1388.html,避難のための広場と建物を備えた施設で，市立の小学校，中学校，高等学校が指定されています。,,/sendaicity-html/pict/80101_001.jpg,危機管理室減災推進課,140.6358848,38.31642747,指定避難所
指定避難所（作並小学校新川分校）,仙台市青葉区新川字北野尻34,"4,090(㎡)","2,000(人)",220(人),http://www.city.sendai.jp/kurashi/shobo/saigai/1188545_1388.html,避難のための広場と建物を備えた施設で，市立の小学校，中学校，高等学校が指定されています。,,/sendaicity-html/pict/80101_001.jpg,危機管理室減災推進課,140.6331141,38.30352273,指定避難所
指定避難所（大倉小学校）,仙台市青葉区大倉字墓前1,"7,438(㎡)","3,700(人)",354(人),http://www.city.sendai.jp/kurashi/shobo/saigai/1188545_1388.html,避難のための広場と建物を備えた施設で，市立の小学校，中学校，高等学校が指定されています。,,/sendaicity-html/pict/80101_001.jpg,危機管理室減災推進課,140.6978724,38.33416048,指定避難所
指定避難所（川前小学校）,仙台市青葉区芋沢字赤坂16,"5,800(㎡)","2,900(人)",696(人),http://www.city.sendai.jp/kurashi/shobo/saigai/1188545_1388.html,避難のための広場と建物を備えた施設で，市立の小学校，中学校，高等学校が指定されています。,,/sendaicity-html/pict/80101_001.jpg,危機管理室減災推進課,140.7470507,38.29020863,指定避難所
指定避難所（大沢小学校）,仙台市青葉区芋沢字長坂22,"8,700(㎡)","4,300(人)",812(人),http://www.city.sendai.jp/kurashi/shobo/saigai/1188545_1388.html,避難のための広場と建物を備えた施設で，市立の小学校，中学校，高等学校が指定されています。,,/sendaicity-html/pict/80101_001.jpg,危機管理室減災推進課,140.7732849,38.29932196,指定避難所
指定避難所（大沢中学校）,仙台市青葉区赤坂1-2-1,"28,112(㎡)","14,000(人)",930(人),http://www.city.sendai.jp/kurashi/shobo/saigai/1188545_1388.html,避難のための広場と建物を備えた施設で，市立の小学校，中学校，高等学校が指定されています。,,/sendaicity-html/pict/80101_001.jpg,危機管理室減災推進課,140.7504532,38.29161409,指定避難所
指定避難所（吉成小学校）,仙台市青葉区吉成1-12-2,"11,112(㎡)","5,500(人)",801(人),http://www.city.sendai.jp/kurashi/shobo/saigai/1188545_1388.html,避難のための広場と建物を備えた施設で，市立の小学校，中学校，高等学校が指定されています。,,/sendaicity-html/pict/80101_001.jpg,危機管理室減災推進課,140.8252837,38.29036336,指定避難所
指定避難所（吉成中学校）,仙台市青葉区吉成1-12-1,"12,482(㎡)","6,200(人)",943(人),http://www.city.sendai.jp/kurashi/shobo/saigai/1188545_1388.html,避難のための広場と建物を備えた施設で，市立の小学校，中学校，高等学校が指定されています。,,/sendaicity-html/pict/80101_001.jpg,危機管理室減災推進課,140.8251144,38.28929404,指定避難所
指定避難所（南吉成小学校）,仙台市青葉区南吉成5-18-1,"11,429(㎡)","5,700(人)","1,078(人)",http://www.city.sendai.jp/kurashi/shobo/saigai/1188545_1388.html,避難のための広場と建物を備えた施設で，市立の小学校，中学校，高等学校が指定されています。,,/sendaicity-html/pict/80101_001.jpg,危機管理室減災推進課,140.8138514,38.29122144,指定避難所
指定避難所（第一中学校）,仙台市青葉区八幡4-16-1,"9,525(㎡)","4,700(人)","1,274(人)",http://www.city.sendai.jp/kurashi/shobo/saigai/1188545_1388.html,避難のための広場と建物を備えた施設で，市立の小学校，中学校，高等学校が指定されています。,,/sendaicity-html/pict/80101_001.jpg,危機管理室減災推進課,140.8465772,38.27257703,指定避難所
指定避難所（第二中学校）,仙台市青葉区木町通2-4-1,"7,641(㎡)","3,800(人)","1,030(人)",http://www.city.sendai.jp/kurashi/shobo/saigai/1188545_1388.html,避難のための広場と建物を備えた施設で，市立の小学校，中学校，高等学校が指定されています。,,/sendaicity-html/pict/80101_001.jpg,危機管理室減災推進課,140.8638557,38.27358045,指定避難所
指定避難所（栗生小学校）,仙台市青葉区栗生6-6-1,"8,260(㎡)","4,100(人)","1,108(人)",http://www.city.sendai.jp/kurashi/shobo/saigai/1188545_1388.html,避難のための広場と建物を備えた施設で，市立の小学校，中学校，高等学校が指定されています。,,/sendaicity-html/pict/80101_001.jpg,危機管理室減災推進課,140.7862072,38.26748774,指定避難所
指定避難所（上杉山通小学校）,仙台市青葉区上杉1-10-1,"4,726(㎡)","2,300(人)",862(人),http://www.city.sendai.jp/kurashi/shobo/saigai/1188545_1388.html,避難のための広場と建物を備えた施設で，市立の小学校，中学校，高等学校が指定されています。,,/sendaicity-html/pict/80101_001.jpg,危機管理室減災推進課,140.8735295,38.27150057,指定避難所
指定避難所（北仙台小学校）,仙台市青葉区東勝山3-6-1,"7,082(㎡)","3,500(人)",921(人),http://www.city.sendai.jp/kurashi/shobo/saigai/1188545_1388.html,避難のための広場と建物を備えた施設で，市立の小学校，中学校，高等学校が指定されています。,,/sendaicity-html/pict/80101_001.jpg,危機管理室減災推進課,140.8611379,38.29727188,指定避難所
指定避難所（桜丘中学校）,仙台市青葉区桜ケ丘8-2-1,"21,299(㎡)","10,600(人)",843(人),http://www.city.sendai.jp/kurashi/shobo/saigai/1188545_1388.html,避難のための広場と建物を備えた施設で，市立の小学校，中学校，高等学校が指定されています。,,/sendaicity-html/pict/80101_001.jpg,危機管理室減災推進課,140.8515996,38.30411774,指定避難所
指定避難所（立町小学校）,仙台市青葉区立町8-1,"5,380(㎡)","2,600(人)",755(人),http://www.city.sendai.jp/kurashi/shobo/saigai/1188545_1388.html,避難のための広場と建物を備えた施設で，市立の小学校，中学校，高等学校が指定されています。,,/sendaicity-html/pict/80101_001.jpg,危機管理室減災推進課,140.8637396,38.26175939,指定避難所
指定避難所（五橋中学校）,仙台市青葉区五橋2-2-1,"6,874(㎡)","3,400(人)","1,133(人)",http://www.city.sendai.jp/kurashi/shobo/saigai/1188545_1388.html,避難のための広場と建物を備えた施設で，市立の小学校，中学校，高等学校が指定されています。,,/sendaicity-html/pict/80101_001.jpg,危機管理室減災推進課,140.8791886,38.25204416,指定避難所
指定避難所（台原中学校）,仙台市青葉区台原5-19-1,"12,688(㎡)","6,300(人)",926(人),http://www.city.sendai.jp/kurashi/shobo/saigai/1188545_1388.html,避難のための広場と建物を備えた施設で，市立の小学校，中学校，高等学校が指定されています。,,/sendaicity-html/pict/80101_001.jpg,危機管理室減災推進課,140.8806048,38.28697183,指定避難所
指定避難所（南吉成中学校）,仙台市青葉区南吉成5-18-2,"13,720(㎡)","6,800(人)",941(人),http://www.city.sendai.jp/kurashi/shobo/saigai/1188545_1388.html,避難のための広場と建物を備えた施設で，市立の小学校，中学校，高等学校が指定されています。,,/sendaicity-html/pict/80101_001.jpg,危機管理室減災推進課,140.8122432,38.29146861,指定避難所
指定避難所（折立中学校）,仙台市青葉区折立3-19-1,"12,496(㎡)","6,200(人)",922(人),http://www.city.sendai.jp/kurashi/shobo/saigai/1188545_1388.html,避難のための広場と建物を備えた施設で，市立の小学校，中学校，高等学校が指定されています。,,/sendaicity-html/pict/80101_001.jpg,危機管理室減災推進課,140.8076672,38.26596632,指定避難所
指定避難所（仙台高等学校）,仙台市青葉区国見6-52-1,"30,255(㎡)","15,000(人)","2,010(人)",http://www.city.sendai.jp/kurashi/shobo/saigai/1188545_1388.html,避難のための広場と建物を備えた施設で，市立の小学校，中学校，高等学校が指定されています。,,/sendaicity-html/pict/80101_001.jpg,危機管理室減災推進課,140.8338474,38.28112839,指定避難所
指定避難所（仙台市青陵中等教育学校）,仙台市青葉区国見ケ丘7-144,"17,628(㎡)","8,800(人)","1,787(人)",http://www.city.sendai.jp/kurashi/shobo/saigai/1188545_1388.html,避難のための広場と建物を備えた施設で，市立の小学校，中学校，高等学校が指定されています。,,/sendaicity-html/pict/80101_001.jpg,危機管理室減災推進課,140.8359328,38.28864982,指定避難所
指定避難所（東二番丁小学校）,仙台市青葉区一番町2-1-4,"3,157(㎡)","1,500(人)",545(人),http://www.city.sendai.jp/kurashi/shobo/saigai/1188545_1388.html,避難のための広場と建物を備えた施設で，市立の小学校，中学校，高等学校が指定されています。,,/sendaicity-html/pict/80101_001.jpg,危機管理室減災推進課,140.8747164,38.25942945,指定避難所
指定避難所（広陵中学校）,仙台市青葉区熊ヶ根字石積1-2,"8,703(㎡)","4,300(人)",642(人),http://www.city.sendai.jp/kurashi/shobo/saigai/1188545_1388.html,避難のための広場と建物を備えた施設で，市立の小学校，中学校，高等学校が指定されています。,,/sendaicity-html/pict/80101_001.jpg,危機管理室減災推進課,140.6822606,38.29956126,指定避難所
指定避難所（幸町小学校）,仙台市宮城野区幸町2-19-1,"6,795(㎡)","3,300(人)",675(人),http://www.city.sendai.jp/kurashi/shobo/saigai/1188545_1388.html,避難のための広場と建物を備えた施設で，市立の小学校，中学校，高等学校が指定されています。,,/sendaicity-html/pict/80101_001.jpg,危機管理室減災推進課,140.8980514,38.2765539,指定避難所
指定避難所（鶴谷中学校）,仙台市宮城野区鶴ヶ谷5-24,"20,297(㎡)","10,100(人)",842(人),http://www.city.sendai.jp/kurashi/shobo/saigai/1188545_1388.html,避難のための広場と建物を備えた施設で，市立の小学校，中学校，高等学校が指定されています。,,/sendaicity-html/pict/80101_001.jpg,危機管理室減災推進課,140.914844,38.29191052,指定避難所
指定避難所（東仙台中学校）,仙台市宮城野区東仙台2-16-1,"6,835(㎡)","3,400(人)","1,105(人)",http://www.city.sendai.jp/kurashi/shobo/saigai/1188545_1388.html,避難のための広場と建物を備えた施設で，市立の小学校，中学校，高等学校が指定されています。,,/sendaicity-html/pict/80101_001.jpg,危機管理室減災推進課,140.9176358,38.2772432,指定避難所
指定避難所（榴岡小学校）,仙台市宮城野区東九番丁88-1,"5,015(㎡)","2,500(人)",848(人),http://www.city.sendai.jp/kurashi/shobo/saigai/1188545_1388.html,避難のための広場と建物を備えた施設で，市立の小学校，中学校，高等学校が指定されています。,,/sendaicity-html/pict/80101_001.jpg,危機管理室減災推進課,140.8907451,38.26129952,指定避難所
指定避難所（仙台工業高等学校）,仙台市宮城野区東宮城野3-1,"25,144(㎡)","12,500(人)","2,534(人)",http://www.city.sendai.jp/kurashi/shobo/saigai/1188545_1388.html,避難のための広場と建物を備えた施設で，市立の小学校，中学校，高等学校が指定されています。,,/sendaicity-html/pict/80101_001.jpg,危機管理室減災推進課,140.9176066,38.26052219,指定避難所
指定避難所（燕沢小学校）,仙台市宮城野区燕沢東3-8-1,"6,740(㎡)","3,300(人)",805(人),http://www.city.sendai.jp/kurashi/shobo/saigai/1188545_1388.html,避難のための広場と建物を備えた施設で，市立の小学校，中学校，高等学校が指定されています。,,/sendaicity-html/pict/80101_001.jpg,危機管理室減災推進課,140.9298201,38.28818369,指定避難所
指定避難所（新田小学校）,仙台市宮城野区新田4-30-1,"8,182(㎡)","4,000(人)",959(人),http://www.city.sendai.jp/kurashi/shobo/saigai/1188545_1388.html,避難のための広場と建物を備えた施設で，市立の小学校，中学校，高等学校が指定されています。,,/sendaicity-html/pict/80101_001.jpg,危機管理室減災推進課,140.9288125,38.27601018,指定避難所
指定避難所（岩切小学校）,仙台市宮城野区岩切字今市東1-2,"6,970(㎡)","3,400(人)","1,690(人)",http://www.city.sendai.jp/kurashi/shobo/saigai/1188545_1388.html,避難のための広場と建物を備えた施設で，市立の小学校，中学校，高等学校が指定されています。,,/sendaicity-html/pict/80101_001.jpg,危機管理室減災推進課,140.942149,38.29928291,指定避難所
指定避難所（岩切中学校）,仙台市宮城野区岩切字三所南23-2,"8,640(㎡)","4,300(人)",834(人),http://www.city.sendai.jp/kurashi/shobo/saigai/1188545_1388.html,避難のための広場と建物を備えた施設で，市立の小学校，中学校，高等学校が指定されています。,,/sendaicity-html/pict/80101_001.jpg,危機管理室減災推進課,140.9446043,38.3014078,指定避難所
指定避難所（高砂小学校）,仙台市宮城野区福田町1-11-1,"6,000(㎡)","3,000(人)","1,261(人)",http://www.city.sendai.jp/kurashi/shobo/saigai/1188545_1388.html,避難のための広場と建物を備えた施設で，市立の小学校，中学校，高等学校が指定されています。,,/sendaicity-html/pict/80101_001.jpg,危機管理室減災推進課,140.958038,38.27334728,指定避難所
指定避難所（福室小学校）,仙台市宮城野区福室5-16-1,"9,209(㎡)","4,600(人)","1,126(人)",http://www.city.sendai.jp/kurashi/shobo/saigai/1188545_1388.html,避難のための広場と建物を備えた施設で，市立の小学校，中学校，高等学校が指定されています。,,/sendaicity-html/pict/80101_001.jpg,危機管理室減災推進課,140.9718621,38.2801977,指定避難所
指定避難所（中野栄小学校）,仙台市宮城野区栄3-12-1,"9,111(㎡)","4,500(人)",854(人),http://www.city.sendai.jp/kurashi/shobo/saigai/1188545_1388.html,避難のための広場と建物を備えた施設で，市立の小学校，中学校，高等学校が指定されています。,,/sendaicity-html/pict/80101_001.jpg,危機管理室減災推進課,140.9823748,38.28333126,指定避難所
指定避難所（岡田小学校）,仙台市宮城野区岡田字北在家67,"7,555(㎡)","3,700(人)",739(人),http://www.city.sendai.jp/kurashi/shobo/saigai/1188545_1388.html,避難のための広場と建物を備えた施設で，市立の小学校，中学校，高等学校が指定されています。,,/sendaicity-html/pict/80101_001.jpg,危機管理室減災推進課,140.9787592,38.25646702,指定避難所
指定避難所（枡江小学校）,仙台市宮城野区枡江15-1,"5,416(㎡)","2,700(人)",752(人),http://www.city.sendai.jp/kurashi/shobo/saigai/1188545_1388.html,避難のための広場と建物を備えた施設で，市立の小学校，中学校，高等学校が指定されています。,,/sendaicity-html/pict/80101_001.jpg,危機管理室減災推進課,140.9043561,38.28110904,指定避難所
指定避難所（鶴巻小学校）,仙台市宮城野区鶴巻1-15-1,"10,137(㎡)","5,000(人)",978(人),http://www.city.sendai.jp/kurashi/shobo/saigai/1188545_1388.html,避難のための広場と建物を備えた施設で，市立の小学校，中学校，高等学校が指定されています。,,/sendaicity-html/pict/80101_001.jpg,危機管理室減災推進課,140.9682406,38.26304059,指定避難所
指定避難所（田子小学校）,仙台市宮城野区田子2-1-1,"12,482(㎡)","6,200(人)",781(人),http://www.city.sendai.jp/kurashi/shobo/saigai/1188545_1388.html,避難のための広場と建物を備えた施設で，市立の小学校，中学校，高等学校が指定されています。,,/sendaicity-html/pict/80101_001.jpg,危機管理室減災推進課,140.9620153,38.28055526,指定避難所
指定避難所（幸町南小学校）,仙台市宮城野区幸町5-2-1,"10,302(㎡)","5,100(人)",887(人),http://www.city.sendai.jp/kurashi/shobo/saigai/1188545_1388.html,避難のための広場と建物を備えた施設で，市立の小学校，中学校，高等学校が指定されています。,,/sendaicity-html/pict/80101_001.jpg,危機管理室減災推進課,140.8994543,38.27409865,指定避難所
指定避難所（宮城野小学校）,仙台市宮城野区東宮城野2-1,"6,841(㎡)","3,400(人)","1,010(人)",http://www.city.sendai.jp/kurashi/shobo/saigai/1188545_1388.html,避難のための広場と建物を備えた施設で，市立の小学校，中学校，高等学校が指定されています。,,/sendaicity-html/pict/80101_001.jpg,危機管理室減災推進課,140.9160595,38.26085651,指定避難所
指定避難所（宮城野中学校）,仙台市宮城野区五輪1-4-25,"6,867(㎡)","3,400(人)","1,295(人)",http://www.city.sendai.jp/kurashi/shobo/saigai/1188545_1388.html,避難のための広場と建物を備えた施設で，市立の小学校，中学校，高等学校が指定されています。,,/sendaicity-html/pict/80101_001.jpg,危機管理室減災推進課,140.8996544,38.26258511,指定避難所
指定避難所（東華中学校）,仙台市宮城野区宮城野2-14-27,"12,683(㎡)","6,300(人)","1,174(人)",http://www.city.sendai.jp/kurashi/shobo/saigai/1188545_1388.html,避難のための広場と建物を備えた施設で，市立の小学校，中学校，高等学校が指定されています。,,/sendaicity-html/pict/80101_001.jpg,危機管理室減災推進課,140.8994809,38.25432283,指定避難所
指定避難所（東宮城野小学校）,仙台市宮城野区東宮城野5-1,"3,913(㎡)","1,900(人)",556(人),http://www.city.sendai.jp/kurashi/shobo/saigai/1188545_1388.html,避難のための広場と建物を備えた施設で，市立の小学校，中学校，高等学校が指定されています。,,/sendaicity-html/pict/80101_001.jpg,危機管理室減災推進課,140.9194788,38.25918182,指定避難所
指定避難所（原町小学校）,仙台市宮城野区原町2-6-1,"3,780(㎡)","1,800(人)","1,484(人)",http://www.city.sendai.jp/kurashi/shobo/saigai/1188545_1388.html,避難のための広場と建物を備えた施設で，市立の小学校，中学校，高等学校が指定されています。,,/sendaicity-html/pict/80101_001.jpg,危機管理室減災推進課,140.9036018,38.26666074,指定避難所
指定避難所（東仙台小学校）,仙台市宮城野区東仙台5-26-1,"4,714(㎡)","2,300(人)","1,041(人)",http://www.city.sendai.jp/kurashi/shobo/saigai/1188545_1388.html,避難のための広場と建物を備えた施設で，市立の小学校，中学校，高等学校が指定されています。,,/sendaicity-html/pict/80101_001.jpg,危機管理室減災推進課,140.9126168,38.27722363,指定避難所
指定避難所（幸町中学校）,仙台市宮城野区幸町1-15-1,"11,156(㎡)","5,500(人)","1,185(人)",http://www.city.sendai.jp/kurashi/shobo/saigai/1188545_1388.html,避難のための広場と建物を備えた施設で，市立の小学校，中学校，高等学校が指定されています。,,/sendaicity-html/pict/80101_001.jpg,危機管理室減災推進課,140.8937934,38.27717593,指定避難所
指定避難所（西山小学校）,仙台市宮城野区燕沢2-23-1,"6,044(㎡)","3,000(人)",778(人),http://www.city.sendai.jp/kurashi/shobo/saigai/1188545_1388.html,避難のための広場と建物を備えた施設で，市立の小学校，中学校，高等学校が指定されています。,,/sendaicity-html/pict/80101_001.jpg,危機管理室減災推進課,140.9148856,38.28344226,指定避難所
指定避難所（西山中学校）,仙台市宮城野区燕沢2-21-1,"8,297(㎡)","4,100(人)","1,114(人)",http://www.city.sendai.jp/kurashi/shobo/saigai/1188545_1388.html,避難のための広場と建物を備えた施設で，市立の小学校，中学校，高等学校が指定されています。,,/sendaicity-html/pict/80101_001.jpg,危機管理室減災推進課,140.9167994,38.28282017,指定避難所
指定避難所（鶴谷小学校）,仙台市宮城野区鶴ケ谷3-17,"15,637(㎡)","7,800(人)",932(人),http://www.city.sendai.jp/kurashi/shobo/saigai/1188545_1388.html,避難のための広場と建物を備えた施設で，市立の小学校，中学校，高等学校が指定されています。,,/sendaicity-html/pict/80101_001.jpg,危機管理室減災推進課,140.9099895,38.29069191,指定避難所
指定避難所（鶴谷東小学校）,仙台市宮城野区鶴ケ谷6-2,"7,584(㎡)","3,700(人)",717(人),http://www.city.sendai.jp/kurashi/shobo/saigai/1188545_1388.html,避難のための広場と建物を備えた施設で，市立の小学校，中学校，高等学校が指定されています。,,/sendaicity-html/pict/80101_001.jpg,危機管理室減災推進課,140.91989,38.29069058,指定避難所
指定避難所（中野中学校）,仙台市宮城野区中野字高橋前65,"9,746(㎡)","4,800(人)","1,210(人)",http://www.city.sendai.jp/kurashi/shobo/saigai/1188545_1388.html,避難のための広場と建物を備えた施設で，市立の小学校，中学校，高等学校が指定されています。　,,/sendaicity-html/pict/80101_001.jpg,危機管理室減災推進課,140.9759726,38.28264765,指定避難所
指定避難所（田子中学校）,仙台市宮城野区田子2-12-1,"11,561(㎡)","5,700(人)",988(人),http://www.city.sendai.jp/kurashi/shobo/saigai/1188545_1388.html,避難のための広場と建物を備えた施設で，市立の小学校，中学校，高等学校が指定されています。,,/sendaicity-html/pict/80101_001.jpg,危機管理室減災推進課,140.957935,38.27888013,指定避難所
指定避難所（高砂中学校）,仙台市宮城野区白鳥1-32-1,"15,504(㎡)","7,700(人)","1,184(人)",http://www.city.sendai.jp/kurashi/shobo/saigai/1188545_1388.html,避難のための広場と建物を備えた施設で，市立の小学校，中学校，高等学校が指定されています。,,/sendaicity-html/pict/80101_001.jpg,危機管理室減災推進課,140.9769481,38.26455776,指定避難所
指定避難所（荒町小学校）,仙台市若林区荒町86,"4,554(㎡)","2,200(人)",723(人),http://www.city.sendai.jp/kurashi/shobo/saigai/1188545_1388.html,避難のための広場と建物を備えた施設で，市立の小学校，中学校，高等学校が指定されています。,,/sendaicity-html/pict/80101_001.jpg,危機管理室減災推進課,140.8810386,38.24887784,指定避難所
指定避難所（連坊小路小学校）,仙台市若林区連坊1-7-27,"6,606(㎡)","3,300(人)",865(人),http://www.city.sendai.jp/kurashi/shobo/saigai/1188545_1388.html,避難のための広場と建物を備えた施設で，市立の小学校，中学校，高等学校が指定されています。,,/sendaicity-html/pict/80101_001.jpg,危機管理室減災推進課,140.8889709,38.25293348,指定避難所
指定避難所（大和小学校）,仙台市若林区大和町3-16-1,"4,144(㎡)","2,000(人)","1,117(人)",http://www.city.sendai.jp/kurashi/shobo/saigai/1188545_1388.html,避難のための広場と建物を備えた施設で，市立の小学校，中学校，高等学校が指定されています。,,/sendaicity-html/pict/80101_001.jpg,危機管理室減災推進課,140.9175964,38.24654095,指定避難所
指定避難所（遠見塚小学校）,仙台市若林区遠見塚1-22-1,"8,063(㎡)","4,000(人)",945(人),http://www.city.sendai.jp/kurashi/shobo/saigai/1188545_1388.html,避難のための広場と建物を備えた施設で，市立の小学校，中学校，高等学校が指定されています。,,/sendaicity-html/pict/80101_001.jpg,危機管理室減災推進課,140.9125557,38.23817485,指定避難所
指定避難所（古城小学校）,仙台市若林区古城2-1-1,"9,573(㎡)","4,700(人)",854(人),http://www.city.sendai.jp/kurashi/shobo/saigai/1188545_1388.html,避難のための広場と建物を備えた施設で，市立の小学校，中学校，高等学校が指定されています。,,/sendaicity-html/pict/80101_001.jpg,危機管理室減災推進課,140.8971515,38.23655214,指定避難所
指定避難所（七郷小学校）,仙台市若林区荒井字堀添53-2,"7,224(㎡)","3,600(人)","1,122(人)",http://www.city.sendai.jp/kurashi/shobo/saigai/1188545_1388.html,避難のための広場と建物を備えた施設で，市立の小学校，中学校，高等学校が指定されています。,,/sendaicity-html/pict/80101_001.jpg,危機管理室減災推進課,140.9426281,38.24059429,指定避難所
津波からの緊急一時的な避難ビルとしてのみ使用可能です （荒浜小学校）,仙台市若林区荒浜字新堀端32-1,"4,480(㎡)","2,200(人)",445(人),http://www.city.sendai.jp/kurashi/shobo/saigai/1188545_1388.html,（津波からの緊急一時的な避難ビルとしてのみ使用可能です。食料等の備蓄はありません）,,/sendaicity-html/pict/80101_001.jpg,危機管理室減災推進課,140.9803612,38.22221888,指定避難所
指定避難所（沖野小学校）,仙台市若林区沖野3-20-1,"7,103(㎡)","3,500(人)",930(人),http://www.city.sendai.jp/kurashi/shobo/saigai/1188545_1388.html,避難のための広場と建物を備えた施設で，市立の小学校，中学校，高等学校が指定されています。,,/sendaicity-html/pict/80101_001.jpg,危機管理室減災推進課,140.9140964,38.22680545,指定避難所
指定避難所（六郷小学校）,仙台市若林区六郷11-11,"6,514(㎡)","3,200(人)",920(人),http://www.city.sendai.jp/kurashi/shobo/saigai/1188545_1388.html,避難のための広場と建物を備えた施設で，市立の小学校，中学校，高等学校が指定されています。,,/sendaicity-html/pict/80101_001.jpg,危機管理室減災推進課,140.9332245,38.21514457,指定避難所
指定避難所（蒲町小学校）,仙台市若林区蒲町41-1,"10,565(㎡)","5,200(人)",977(人),http://www.city.sendai.jp/kurashi/shobo/saigai/1188545_1388.html,避難のための広場と建物を備えた施設で，市立の小学校，中学校，高等学校が指定されています。,,/sendaicity-html/pict/80101_001.jpg,危機管理室減災推進課,140.9294845,38.24290247,指定避難所
指定避難所（南小泉小学校）,仙台市若林区一本杉町17-10,"6,702(㎡)","3,300(人)",865(人),http://www.city.sendai.jp/kurashi/shobo/saigai/1188545_1388.html,避難のための広場と建物を備えた施設で，市立の小学校，中学校，高等学校が指定されています。,,/sendaicity-html/pict/80101_001.jpg,危機管理室減災推進課,140.9052032,38.24470175,指定避難所
指定避難所（南小泉中学校）,仙台市若林区一本杉町2-1,"7,153(㎡)","3,500(人)","1,051(人)",http://www.city.sendai.jp/kurashi/shobo/saigai/1188545_1388.html,避難のための広場と建物を備えた施設で，市立の小学校，中学校，高等学校が指定されています。,,/sendaicity-html/pict/80101_001.jpg,危機管理室減災推進課,140.904931,38.24368794,指定避難所
指定避難所（六郷中学校）,仙台市若林区六郷13-1,"10,446(㎡)","5,200(人)",980(人),http://www.city.sendai.jp/kurashi/shobo/saigai/1188545_1388.html,避難のための広場と建物を備えた施設で，市立の小学校，中学校，高等学校が指定されています。,,/sendaicity-html/pict/80101_001.jpg,危機管理室減災推進課,140.9342245,38.21378365,指定避難所
指定避難所（七郷中学校）,仙台市若林区荒井字遠藤9-3,"10,400(㎡)","5,200(人)","1,044(人)",http://www.city.sendai.jp/kurashi/shobo/saigai/1188545_1388.html,避難のための広場と建物を備えた施設で，市立の小学校，中学校，高等学校が指定されています。,,/sendaicity-html/pict/80101_001.jpg,危機管理室減災推進課,140.9461309,38.23724462,指定避難所
津波からの緊急一時的な避難ビルとしてのみ使用可能です （東六郷小学校）,仙台市若林区種次字山王前2-6,"7,309(㎡)","3,600(人)",492(人),http://www.city.sendai.jp/kurashi/shobo/saigai/1188545_1388.html,（津波からの緊急一時的な避難ビルとしてのみ使用可能です。食料等の備蓄はありません）,,/sendaicity-html/pict/80101_001.jpg,危機管理室減災推進課,140.9491153,38.19889738,指定避難所
指定避難所（沖野中学校）,仙台市若林区沖野2-29-50,"11,667(㎡)","5,800(人)","1,045(人)",http://www.city.sendai.jp/kurashi/shobo/saigai/1188545_1388.html,避難のための広場と建物を備えた施設で，市立の小学校，中学校，高等学校が指定されています。,,/sendaicity-html/pict/80101_001.jpg,危機管理室減災推進課,140.9150587,38.22897859,指定避難所
指定避難所（沖野東小学校）,仙台市若林区沖野字高野南89,"9,984(㎡)","4,900(人)",715(人),http://www.city.sendai.jp/kurashi/shobo/saigai/1188545_1388.html,避難のための広場と建物を備えた施設で，市立の小学校，中学校，高等学校が指定されています。,,/sendaicity-html/pict/80101_001.jpg,危機管理室減災推進課,140.9223139,38.22322386,指定避難所
指定避難所（南材木町小学校）,仙台市若林区南材木町84,"5,640(㎡)","2,800(人)",803(人),http://www.city.sendai.jp/kurashi/shobo/saigai/1188545_1388.html,避難のための広場と建物を備えた施設で，市立の小学校，中学校，高等学校が指定されています。,,/sendaicity-html/pict/80101_001.jpg,危機管理室減災推進課,140.8894771,38.24125678,指定避難所
指定避難所（八軒中学校）,仙台市若林区南小泉字八軒小路9-1,"5,005(㎡)","2,500(人)","1,403(人)",http://www.city.sendai.jp/kurashi/shobo/saigai/1188545_1388.html,避難のための広場と建物を備えた施設で，市立の小学校，中学校，高等学校が指定されています。,,/sendaicity-html/pict/80101_001.jpg,危機管理室減災推進課,140.8924907,38.24114864,指定避難所
指定避難所（若林小学校）,仙台市若林区若林4-3-1,"7,392(㎡)","3,600(人)",885(人),http://www.city.sendai.jp/kurashi/shobo/saigai/1188545_1388.html,避難のための広場と建物を備えた施設で，市立の小学校，中学校，高等学校が指定されています。,,/sendaicity-html/pict/80101_001.jpg,危機管理室減災推進課,140.8996433,38.22951689,指定避難所
指定避難所（蒲町中学校）,仙台市若林区蒲町9-1,"11,522(㎡)","5,700(人)","1,125(人)",http://www.city.sendai.jp/kurashi/shobo/saigai/1188545_1388.html,避難のための広場と建物を備えた施設で，市立の小学校，中学校，高等学校が指定されています。,,/sendaicity-html/pict/80101_001.jpg,危機管理室減災推進課,140.9287926,38.24744931,指定避難所
指定避難所（向山小学校）,仙台市太白区向山3-19-1,"11,835(㎡)","5,900(人)",761(人),http://www.city.sendai.jp/kurashi/shobo/saigai/1188545_1388.html,避難のための広場と建物を備えた施設で，市立の小学校，中学校，高等学校が指定されています。,,/sendaicity-html/pict/80101_001.jpg,危機管理室減災推進課,140.8668069,38.24340003,指定避難所
指定避難所（愛宕中学校）,仙台市太白区萩ケ丘9-1,"12,683(㎡)","6,300(人)",847(人),http://www.city.sendai.jp/kurashi/shobo/saigai/1188545_1388.html,避難のための広場と建物を備えた施設で，市立の小学校，中学校，高等学校が指定されています。,,/sendaicity-html/pict/80101_001.jpg,危機管理室減災推進課,140.8706818,38.24145849,指定避難所
指定避難所（大野田小学校）,仙台市太白区大野田字六反田10-5,"8,008(㎡)","4,000(人)",960(人),http://www.city.sendai.jp/kurashi/shobo/saigai/1188545_1388.html,避難のための広場と建物を備えた施設で，市立の小学校，中学校，高等学校が指定されています。,,/sendaicity-html/pict/80101_001.jpg,危機管理室減災推進課,140.8744814,38.21672618,指定避難所
指定避難所（郡山中学校）,仙台市太白区郡山5-10-1,"11,460(㎡)","5,700(人)","1,155(人)",http://www.city.sendai.jp/kurashi/shobo/saigai/1188545_1388.html,避難のための広場と建物を備えた施設で，市立の小学校，中学校，高等学校が指定されています。,,/sendaicity-html/pict/80101_001.jpg,危機管理室減災推進課,140.892408,38.21994554,指定避難所
指定避難所（八本松小学校）,仙台市太白区八本松1-16-1,"5,024(㎡)","2,500(人)",724(人),http://www.city.sendai.jp/kurashi/shobo/saigai/1188545_1388.html,避難のための広場と建物を備えた施設で，市立の小学校，中学校，高等学校が指定されています。,,/sendaicity-html/pict/80101_001.jpg,危機管理室減災推進課,140.8979613,38.22544534,指定避難所
指定避難所（長町中学校）,仙台市太白区鹿野1-8-1,"7,084(㎡)","3,500(人)","1,341(人)",http://www.city.sendai.jp/kurashi/shobo/saigai/1188545_1388.html,避難のための広場と建物を備えた施設で，市立の小学校，中学校，高等学校が指定されています。,,/sendaicity-html/pict/80101_001.jpg,危機管理室減災推進課,140.8739149,38.23048227,指定避難所
指定避難所（西多賀小学校）,仙台市太白区西多賀2-3-1,"6,662(㎡)","3,300(人)","1,010(人)",http://www.city.sendai.jp/kurashi/shobo/saigai/1188545_1388.html,避難のための広場と建物を備えた施設で，市立の小学校，中学校，高等学校が指定されています。,,/sendaicity-html/pict/80101_001.jpg,危機管理室減災推進課,140.8593045,38.21982278,指定避難所
指定避難所（八木山小学校）,仙台市太白区八木山本町1-40-1,"14,837(㎡)","7,400(人)",826(人),http://www.city.sendai.jp/kurashi/shobo/saigai/1188545_1388.html,避難のための広場と建物を備えた施設で，市立の小学校，中学校，高等学校が指定されています。,,/sendaicity-html/pict/80101_001.jpg,危機管理室減災推進課,140.8490944,38.23899786,指定避難所
指定避難所（八木山南小学校）,仙台市太白区八木山南5-3-2,"6,902(㎡)","3,400(人)",690(人),http://www.city.sendai.jp/kurashi/shobo/saigai/1188545_1388.html,避難のための広場と建物を備えた施設で，市立の小学校，中学校，高等学校が指定されています。,,/sendaicity-html/pict/80101_001.jpg,危機管理室減災推進課,140.8319547,38.23385669,指定避難所
指定避難所（芦口小学校）,仙台市太白区芦の口1-1,"7,184(㎡)","3,500(人)",692(人),http://www.city.sendai.jp/kurashi/shobo/saigai/1188545_1388.html,避難のための広場と建物を備えた施設で，市立の小学校，中学校，高等学校が指定されています。,,/sendaicity-html/pict/80101_001.jpg,危機管理室減災推進課,140.8568601,38.2304408,指定避難所
指定避難所（金剛沢小学校）,仙台市太白区金剛沢1-1-1,"4,709(㎡)","2,300(人)",745(人),http://www.city.sendai.jp/kurashi/shobo/saigai/1188545_1388.html,避難のための広場と建物を備えた施設で，市立の小学校，中学校，高等学校が指定されています。,,/sendaicity-html/pict/80101_001.jpg,危機管理室減災推進課,140.8489499,38.2290992,指定避難所
指定避難所（山田中学校）,仙台市太白区山田北前町36-1,"7,551(㎡)","3,700(人)",829(人),http://www.city.sendai.jp/kurashi/shobo/saigai/1188545_1388.html,避難のための広場と建物を備えた施設で，市立の小学校，中学校，高等学校が指定されています。,,/sendaicity-html/pict/80101_001.jpg,危機管理室減災推進課,140.8266776,38.22072194,指定避難所
指定避難所（太白小学校）,仙台市太白区太白1-5-1,"7,240(㎡)","3,600(人)",724(人),http://www.city.sendai.jp/kurashi/shobo/saigai/1188545_1388.html,避難のための広場と建物を備えた施設で，市立の小学校，中学校，高等学校が指定されています。,,/sendaicity-html/pict/80101_001.jpg,危機管理室減災推進課,140.8175063,38.23127334,指定避難所
指定避難所（生出中学校）,仙台市太白区茂庭字中ノ瀬西2-2,"8,838(㎡)","4,400(人)",808(人),http://www.city.sendai.jp/kurashi/shobo/saigai/1188545_1388.html,避難のための広場と建物を備えた施設で，市立の小学校，中学校，高等学校が指定されています。,,/sendaicity-html/pict/80101_001.jpg,危機管理室減災推進課,140.7899785,38.21952103,指定避難所
指定避難所（中田小学校）,仙台市太白区中田4-1-1,"12,948(㎡)","6,400(人)",918(人),http://www.city.sendai.jp/kurashi/shobo/saigai/1188545_1388.html,避難のための広場と建物を備えた施設で，市立の小学校，中学校，高等学校が指定されています。,,/sendaicity-html/pict/80101_001.jpg,危機管理室減災推進課,140.8876702,38.19998656,指定避難所
指定避難所（四郎丸小学校）,仙台市太白区四郎丸字吹上6-3,"9,380(㎡)","4,600(人)",928(人),http://www.city.sendai.jp/kurashi/shobo/saigai/1188545_1388.html,避難のための広場と建物を備えた施設で，市立の小学校，中学校，高等学校が指定されています。,,/sendaicity-html/pict/80101_001.jpg,危機管理室減災推進課,140.9106799,38.19393242,指定避難所
指定避難所（袋原小学校）,仙台市太白区中田町字法地南4-2,"7,602(㎡)","3,800(人)","1,046(人)",http://www.city.sendai.jp/kurashi/shobo/saigai/1188545_1388.html,避難のための広場と建物を備えた施設で，市立の小学校，中学校，高等学校が指定されています。,,/sendaicity-html/pict/80101_001.jpg,危機管理室減災推進課,140.9024138,38.19604299,指定避難所
指定避難所（長町小学校）,仙台市太白区長町4-6-1,"7,274(㎡)","3,600(人)","1,284(人)",http://www.city.sendai.jp/kurashi/shobo/saigai/1188545_1388.html,避難のための広場と建物を備えた施設で，市立の小学校，中学校，高等学校が指定されています。,,/sendaicity-html/pict/80101_001.jpg,危機管理室減災推進課,140.8806949,38.2316574,指定避難所
指定避難所（鹿野小学校）,仙台市太白区鹿野2-9-1,"8,161(㎡)","4,000(人)",899(人),http://www.city.sendai.jp/kurashi/shobo/saigai/1188545_1388.html,避難のための広場と建物を備えた施設で，市立の小学校，中学校，高等学校が指定されています。,,/sendaicity-html/pict/80101_001.jpg,危機管理室減災推進課,140.8704762,38.22887971,指定避難所
指定避難所（上野山小学校）,仙台市太白区上野山1-20-1,"7,837(㎡)","3,900(人)",872(人),http://www.city.sendai.jp/kurashi/shobo/saigai/1188545_1388.html,避難のための広場と建物を備えた施設で，市立の小学校，中学校，高等学校が指定されています。,,/sendaicity-html/pict/80101_001.jpg,危機管理室減災推進課,140.8294217,38.22682411,指定避難所
指定避難所（西多賀中学校）,仙台市太白区西多賀3-10-1,"7,900(㎡)","3,900(人)","1,008(人)",http://www.city.sendai.jp/kurashi/shobo/saigai/1188545_1388.html,避難のための広場と建物を備えた施設で，市立の小学校，中学校，高等学校が指定されています。,,/sendaicity-html/pict/80101_001.jpg,危機管理室減災推進課,140.8520607,38.22615519,指定避難所
指定避難所（袋原中学校）,仙台市太白区袋原4-27-1,"10,109(㎡)","5,000(人)",984(人),http://www.city.sendai.jp/kurashi/shobo/saigai/1188545_1388.html,避難のための広場と建物を備えた施設で，市立の小学校，中学校，高等学校が指定されています。,,/sendaicity-html/pict/80101_001.jpg,危機管理室減災推進課,140.9129017,38.19880695,指定避難所
指定避難所（郡山小学校）,仙台市太白区郡山字行新田1-1,"11,597(㎡)","5,700(人)",708(人),http://www.city.sendai.jp/kurashi/shobo/saigai/1188545_1388.html,避難のための広場と建物を備えた施設で，市立の小学校，中学校，高等学校が指定されています。,,/sendaicity-html/pict/80101_001.jpg,危機管理室減災推進課,140.8995437,38.21682668,指定避難所
指定避難所（茂庭台小学校）,仙台市太白区茂庭台4-17-1,"8,638(㎡)","4,300(人)",946(人),http://www.city.sendai.jp/kurashi/shobo/saigai/1188545_1388.html,避難のための広場と建物を備えた施設で，市立の小学校，中学校，高等学校が指定されています。,,/sendaicity-html/pict/80101_001.jpg,危機管理室減災推進課,140.7838837,38.23726638,指定避難所
指定避難所（馬場小学校）,仙台市太白区秋保町馬場字町北25,"3,595(㎡)","1,700(人)",348(人),http://www.city.sendai.jp/kurashi/shobo/saigai/1188545_1388.html,避難のための広場と建物を備えた施設で，市立の小学校，中学校，高等学校が指定されています。,,/sendaicity-html/pict/80101_001.jpg,危機管理室減災推進課,140.644003,38.27021045,指定避難所
指定避難所（秋保小学校）,仙台市太白区秋保町長袋字町15,"7,112(㎡)","3,500(人)",371(人),http://www.city.sendai.jp/kurashi/shobo/saigai/1188545_1388.html,避難のための広場と建物を備えた施設で，市立の小学校，中学校，高等学校が指定されています。,,/sendaicity-html/pict/80101_001.jpg,危機管理室減災推進課,140.6801486,38.25592435,指定避難所
指定避難所（湯元小学校）,仙台市太白区秋保町湯向29-3,"8,817(㎡)","4,400(人)",572(人),http://www.city.sendai.jp/kurashi/shobo/saigai/1188545_1388.html,避難のための広場と建物を備えた施設で，市立の小学校，中学校，高等学校が指定されています。,,/sendaicity-html/pict/80101_001.jpg,危機管理室減災推進課,140.719489,38.23057011,指定避難所
指定避難所（秋保中学校）,仙台市太白区秋保町長袋字大原45-5,"8,623(㎡)","4,300(人)",822(人),http://www.city.sendai.jp/kurashi/shobo/saigai/1188545_1388.html,避難のための広場と建物を備えた施設で，市立の小学校，中学校，高等学校が指定されています。,,/sendaicity-html/pict/80101_001.jpg,危機管理室減災推進課,140.6731182,38.2594515,指定避難所
指定避難所（東四郎丸小学校）,仙台市太白区四郎丸字昭和北1,"11,821(㎡)","5,900(人)",781(人),http://www.city.sendai.jp/kurashi/shobo/saigai/1188545_1388.html,避難のための広場と建物を備えた施設で，市立の小学校，中学校，高等学校が指定されています。,,/sendaicity-html/pict/80101_001.jpg,危機管理室減災推進課,140.9237817,38.193333,指定避難所
指定避難所（西中田小学校）,仙台市太白区西中田7-7-1,"9,125(㎡)","4,500(人)","1,049(人)",http://www.city.sendai.jp/kurashi/shobo/saigai/1188545_1388.html,避難のための広場と建物を備えた施設で，市立の小学校，中学校，高等学校が指定されています。,,/sendaicity-html/pict/80101_001.jpg,危機管理室減災推進課,140.8761435,38.19339516,指定避難所
指定避難所（長町南小学校）,仙台市太白区長町7-23-1,"7,164(㎡)","3,500(人)","1,097(人)",http://www.city.sendai.jp/kurashi/shobo/saigai/1188545_1388.html,避難のための広場と建物を備えた施設で，市立の小学校，中学校，高等学校が指定されています。,,/sendaicity-html/pict/80101_001.jpg,危機管理室減災推進課,140.8744537,38.22574144,指定避難所
指定避難所（坪沼小学校）,仙台市太白区坪沼字長田中9-1,"2,420(㎡)","1,200(人)",421(人),http://www.city.sendai.jp/kurashi/shobo/saigai/1188545_1388.html,避難のための広場と建物を備えた施設で，市立の小学校，中学校，高等学校が指定されています。,,/sendaicity-html/pict/80101_001.jpg,危機管理室減災推進課,140.7715393,38.19184549,指定避難所
指定避難所（富沢中学校）,仙台市太白区富沢2-4-1,"9,970(㎡)","4,900(人)","1,276(人)",http://www.city.sendai.jp/kurashi/shobo/saigai/1188545_1388.html,避難のための広場と建物を備えた施設で，市立の小学校，中学校，高等学校が指定されています。,,/sendaicity-html/pict/80101_001.jpg,危機管理室減災推進課,140.8637988,38.21828414,指定避難所
指定避難所（人来田小学校）,仙台市太白区人来田1-1-1,"8,332(㎡)","4,100(人)",781(人),http://www.city.sendai.jp/kurashi/shobo/saigai/1188545_1388.html,避難のための広場と建物を備えた施設で，市立の小学校，中学校，高等学校が指定されています。,,/sendaicity-html/pict/80101_001.jpg,危機管理室減災推進課,140.8093127,38.22466547,指定避難所
指定避難所（東長町小学校）,仙台市太白区郡山6-5-1,"10,962(㎡)","5,400(人)","1,097(人)",http://www.city.sendai.jp/kurashi/shobo/saigai/1188545_1388.html,避難のための広場と建物を備えた施設で，市立の小学校，中学校，高等学校が指定されています。,,/sendaicity-html/pict/80101_001.jpg,危機管理室減災推進課,140.8892194,38.21893724,指定避難所
指定避難所（中田中学校）,仙台市太白区中田5-15-1,"10,863(㎡)","5,400(人)",994(人),http://www.city.sendai.jp/kurashi/shobo/saigai/1188545_1388.html,避難のための広場と建物を備えた施設で，市立の小学校，中学校，高等学校が指定されています。,,/sendaicity-html/pict/80101_001.jpg,危機管理室減災推進課,140.8895397,38.19602034,指定避難所
指定避難所（八木山中学校）,仙台市太白区八木山東2-27-1,"16,284(㎡)","8,100(人)",991(人),http://www.city.sendai.jp/kurashi/shobo/saigai/1188545_1388.html,避難のための広場と建物を備えた施設で，市立の小学校，中学校，高等学校が指定されています。,,/sendaicity-html/pict/80101_001.jpg,危機管理室減災推進課,140.8464835,38.23748417,指定避難所
指定避難所（人来田中学校）,仙台市太白区人来田1-35-1,"14,892(㎡)","7,400(人)",785(人),http://www.city.sendai.jp/kurashi/shobo/saigai/1188545_1388.html,避難のための広場と建物を備えた施設で，市立の小学校，中学校，高等学校が指定されています。,,/sendaicity-html/pict/80101_001.jpg,危機管理室減災推進課,140.8057853,38.22696788,指定避難所
指定避難所（生出小学校）,仙台市太白区茂庭字中ノ瀬西5-2,"6,148(㎡)","3,000(人)",497(人),http://www.city.sendai.jp/kurashi/shobo/saigai/1188545_1388.html,避難のための広場と建物を備えた施設で，市立の小学校，中学校，高等学校が指定されています。,,/sendaicity-html/pict/80101_001.jpg,危機管理室減災推進課,140.7887691,38.21971376,指定避難所
指定避難所（茂庭台中学校）,仙台市太白区茂庭台5-3-1,"13,300(㎡)","6,600(人)",937(人),http://www.city.sendai.jp/kurashi/shobo/saigai/1188545_1388.html,避難のための広場と建物を備えた施設で，市立の小学校，中学校，高等学校が指定されています。,,/sendaicity-html/pict/80101_001.jpg,危機管理室減災推進課,140.7782871,38.23429424,指定避難所
指定避難所（生出小学校赤石分校）,仙台市太白区茂庭字合ノ沢南31,"5,600(㎡)","2,800(人)",347(人),http://www.city.sendai.jp/kurashi/shobo/saigai/1188545_1388.html,避難のための広場と建物を備えた施設で，市立の小学校，中学校，高等学校が指定されています。,,/sendaicity-html/pict/80101_001.jpg,危機管理室減災推進課,140.7553955,38.21654524,指定避難所
指定避難所（柳生中学校）,仙台市太白区柳生3-7-3,"11,279(㎡)","5,600(人)","1,149(人)",http://www.city.sendai.jp/kurashi/shobo/saigai/1188545_1388.html,避難のための広場と建物を備えた施設で，市立の小学校，中学校，高等学校が指定されています。,,/sendaicity-html/pict/80101_001.jpg,危機管理室減災推進課,140.8719275,38.18849259,指定避難所
指定避難所（柳生小学校）,仙台市太白区柳生字台畑100,"8,281(㎡)","4,100(人)",957(人),http://www.city.sendai.jp/kurashi/shobo/saigai/1188545_1388.html,避難のための広場と建物を備えた施設で，市立の小学校，中学校，高等学校が指定されています。,,/sendaicity-html/pict/80101_001.jpg,危機管理室減災推進課,140.8718547,38.1984391,指定避難所
指定避難所（根白石小学校）,仙台市泉区根白石字杉下前15,"11,050(㎡)","5,500(人)",467(人),http://www.city.sendai.jp/kurashi/shobo/saigai/1188545_1388.html,避難のための広場と建物を備えた施設で，市立の小学校，中学校，高等学校が指定されています。,,/sendaicity-html/pict/80101_001.jpg,危機管理室減災推進課,140.7966837,38.34132943,指定避難所
指定避難所（高森小学校）,仙台市泉区高森3-1,"10,400(㎡)","5,200(人)",449(人),http://www.city.sendai.jp/kurashi/shobo/saigai/1188545_1388.html,避難のための広場と建物を備えた施設で，市立の小学校，中学校，高等学校が指定されています。,,/sendaicity-html/pict/80101_001.jpg,危機管理室減災推進課,140.8453257,38.34095527,指定避難所
指定避難所（将監小学校）,仙台市泉区将監3-10-1,"13,752(㎡)","6,800(人)",921(人),http://www.city.sendai.jp/kurashi/shobo/saigai/1188545_1388.html,避難のための広場と建物を備えた施設で，市立の小学校，中学校，高等学校が指定されています。,,/sendaicity-html/pict/80101_001.jpg,危機管理室減災推進課,140.8826002,38.33338769,指定避難所
指定避難所（将監中央小学校）,仙台市泉区将監10-3-1,"12,436(㎡)","6,200(人)",872(人),http://www.city.sendai.jp/kurashi/shobo/saigai/1188545_1388.html,避難のための広場と建物を備えた施設で，市立の小学校，中学校，高等学校が指定されています。,,/sendaicity-html/pict/80101_001.jpg,危機管理室減災推進課,140.8737898,38.33659258,指定避難所
指定避難所（向陽台小学校）,仙台市泉区向陽台5-6-12,"11,639(㎡)","5,800(人)","1,008(人)",http://www.city.sendai.jp/kurashi/shobo/saigai/1188545_1388.html,避難のための広場と建物を備えた施設で，市立の小学校，中学校，高等学校が指定されています。,,/sendaicity-html/pict/80101_001.jpg,危機管理室減災推進課,140.8977818,38.33482725,指定避難所
指定避難所（七北田小学校）,仙台市泉区七北田字東裏90,"9,464(㎡)","4,700(人)",956(人),http://www.city.sendai.jp/kurashi/shobo/saigai/1188545_1388.html,避難のための広場と建物を備えた施設で，市立の小学校，中学校，高等学校が指定されています。,,/sendaicity-html/pict/80101_001.jpg,危機管理室減災推進課,140.8925578,38.32279499,指定避難所
指定避難所（七北田中学校）,仙台市泉区七北田字東裏100,"17,441(㎡)","8,700(人)","1,111(人)",http://www.city.sendai.jp/kurashi/shobo/saigai/1188545_1388.html,避難のための広場と建物を備えた施設で，市立の小学校，中学校，高等学校が指定されています。,,/sendaicity-html/pict/80101_001.jpg,危機管理室減災推進課,140.8929633,38.32418096,指定避難所
指定避難所（松森小学校）,仙台市泉区鶴が丘2-2,"9,818(㎡)","4,900(人)",517(人),http://www.city.sendai.jp/kurashi/shobo/saigai/1188545_1388.html,避難のための広場と建物を備えた施設で，市立の小学校，中学校，高等学校が指定されています。,,/sendaicity-html/pict/80101_001.jpg,危機管理室減災推進課,140.9192971,38.3194215,指定避難所
指定避難所（黒松小学校）,仙台市泉区黒松3-11-1,"9,250(㎡)","4,600(人)",977(人),http://www.city.sendai.jp/kurashi/shobo/saigai/1188545_1388.html,避難のための広場と建物を備えた施設で，市立の小学校，中学校，高等学校が指定されています。,,/sendaicity-html/pict/80101_001.jpg,危機管理室減災推進課,140.886442,38.30791917,指定避難所
指定避難所（八乙女中学校）,仙台市泉区旭丘堤2-1-1,"17,501(㎡)","8,700(人)","1,003(人)",http://www.city.sendai.jp/kurashi/shobo/saigai/1188545_1388.html,避難のための広場と建物を備えた施設で，市立の小学校，中学校，高等学校が指定されています。,,/sendaicity-html/pict/80101_001.jpg,危機管理室減災推進課,140.8908972,38.30238959,指定避難所
指定避難所（南光台小学校）,仙台市泉区南光台7-10-1,"12,960(㎡)","6,400(人)",979(人),http://www.city.sendai.jp/kurashi/shobo/saigai/1188545_1388.html,避難のための広場と建物を備えた施設で，市立の小学校，中学校，高等学校が指定されています。,,/sendaicity-html/pict/80101_001.jpg,危機管理室減災推進課,140.9006716,38.300576,指定避難所
指定避難所（南光台東小学校）,仙台市泉区南光台東2-16-1,"10,864(㎡)","5,400(人)",742(人),http://www.city.sendai.jp/kurashi/shobo/saigai/1188545_1388.html,避難のための広場と建物を備えた施設で，市立の小学校，中学校，高等学校が指定されています。,,/sendaicity-html/pict/80101_001.jpg,危機管理室減災推進課,140.91186,38.29846239,指定避難所
指定避難所（南光台中学校）,仙台市泉区南光台7-24-1,"11,110(㎡)","5,500(人)",982(人),http://www.city.sendai.jp/kurashi/shobo/saigai/1188545_1388.html,避難のための広場と建物を備えた施設で，市立の小学校，中学校，高等学校が指定されています。,,/sendaicity-html/pict/80101_001.jpg,危機管理室減災推進課,140.9018965,38.3026813,指定避難所
指定避難所（泉ケ丘小学校）,仙台市泉区明通4-12-1,"15,885(㎡)","7,900(人)",537(人),http://www.city.sendai.jp/kurashi/shobo/saigai/1188545_1388.html,避難のための広場と建物を備えた施設で，市立の小学校，中学校，高等学校が指定されています。,,/sendaicity-html/pict/80101_001.jpg,危機管理室減災推進課,140.8616042,38.35618231,指定避難所
指定避難所（加茂小学校）,仙台市泉区加茂4-3,"14,223(㎡)","7,100(人)",940(人),http://www.city.sendai.jp/kurashi/shobo/saigai/1188545_1388.html,避難のための広場と建物を備えた施設で，市立の小学校，中学校，高等学校が指定されています。,,/sendaicity-html/pict/80101_001.jpg,危機管理室減災推進課,140.8547334,38.31336789,指定避難所
指定避難所（八乙女小学校）,仙台市泉区松森字不動148,"7,207(㎡)","3,600(人)",941(人),http://www.city.sendai.jp/kurashi/shobo/saigai/1188545_1388.html,避難のための広場と建物を備えた施設で，市立の小学校，中学校，高等学校が指定されています。,,/sendaicity-html/pict/80101_001.jpg,危機管理室減災推進課,140.8950024,38.3071695,指定避難所
指定避難所（鶴が丘小学校）,仙台市泉区鶴が丘1-350,"10,923(㎡)","5,400(人)",706(人),http://www.city.sendai.jp/kurashi/shobo/saigai/1188545_1388.html,避難のための広場と建物を備えた施設で，市立の小学校，中学校，高等学校が指定されています。,,/sendaicity-html/pict/80101_001.jpg,危機管理室減災推進課,140.9293131,38.31509458,指定避難所
指定避難所（寺岡中学校）,仙台市泉区寺岡2-13-1,"18,548(㎡)","9,200(人)",948(人),http://www.city.sendai.jp/kurashi/shobo/saigai/1188545_1388.html,避難のための広場と建物を備えた施設で，市立の小学校，中学校，高等学校が指定されています。,,/sendaicity-html/pict/80101_001.jpg,危機管理室減災推進課,140.8311466,38.34051052,指定避難所
指定避難所（南中山小学校）,仙台市泉区南中山2-24-14,"13,777(㎡)","6,800(人)",728(人),http://www.city.sendai.jp/kurashi/shobo/saigai/1188545_1388.html,避難のための広場と建物を備えた施設で，市立の小学校，中学校，高等学校が指定されています。,,/sendaicity-html/pict/80101_001.jpg,危機管理室減災推進課,140.822827,38.30882792,指定避難所
指定避難所（虹の丘小学校）,仙台市泉区虹の丘1-10-1,"9,745(㎡)","4,800(人)",778(人),http://www.city.sendai.jp/kurashi/shobo/saigai/1188545_1388.html,避難のための広場と建物を備えた施設で，市立の小学校，中学校，高等学校が指定されています。,,/sendaicity-html/pict/80101_001.jpg,危機管理室減災推進課,140.8732465,38.30749064,指定避難所
指定避難所（長命ケ丘中学校）,仙台市泉区長命ケ丘2-11-1,"11,360(㎡)","5,600(人)",846(人),http://www.city.sendai.jp/kurashi/shobo/saigai/1188545_1388.html,避難のための広場と建物を備えた施設で，市立の小学校，中学校，高等学校が指定されています。,,/sendaicity-html/pict/80101_001.jpg,危機管理室減災推進課,140.841225,38.31251103,指定避難所
指定避難所（加茂中学校）,仙台市泉区加茂3-1,"9,639(㎡)","4,800(人)","1,079(人)",http://www.city.sendai.jp/kurashi/shobo/saigai/1188545_1388.html,避難のための広場と建物を備えた施設で，市立の小学校，中学校，高等学校が指定されています。,,/sendaicity-html/pict/80101_001.jpg,危機管理室減災推進課,140.8537458,38.31550073,指定避難所
指定避難所（館小学校）,仙台市泉区館7-1-17,"16,762(㎡)","8,300(人)",999(人),http://www.city.sendai.jp/kurashi/shobo/saigai/1188545_1388.html,避難のための広場と建物を備えた施設で，市立の小学校，中学校，高等学校が指定されています。,,/sendaicity-html/pict/80101_001.jpg,危機管理室減災推進課,140.7992937,38.31215328,指定避難所
指定避難所（住吉台小学校）,仙台市泉区住吉台西4-1-1,"13,266(㎡)","6,600(人)","1,279(人)",http://www.city.sendai.jp/kurashi/shobo/saigai/1188545_1388.html,避難のための広場と建物を備えた施設で，市立の小学校，中学校，高等学校が指定されています。,,/sendaicity-html/pict/80101_001.jpg,危機管理室減災推進課,140.7824498,38.32943348,指定避難所
指定避難所（野村小学校）,仙台市泉区野村字東原前7,"4,250(㎡)","2,100(人)",339(人),http://www.city.sendai.jp/kurashi/shobo/saigai/1188545_1388.html,避難のための広場と建物を備えた施設で，市立の小学校，中学校，高等学校が指定されています。,,/sendaicity-html/pict/80101_001.jpg,危機管理室減災推進課,140.8611333,38.32490437,指定避難所
指定避難所（実沢小学校）,仙台市泉区実沢字一本橋20,"5,770(㎡)","2,800(人)",528(人),http://www.city.sendai.jp/kurashi/shobo/saigai/1188545_1388.html,避難のための広場と建物を備えた施設で，市立の小学校，中学校，高等学校が指定されています。,,/sendaicity-html/pict/80101_001.jpg,危機管理室減災推進課,140.8211508,38.32853121,指定避難所
指定避難所（福岡小学校）,仙台市泉区福岡字堰添10,"7,864(㎡)","3,900(人)",559(人),http://www.city.sendai.jp/kurashi/shobo/saigai/1188545_1388.html,避難のための広場と建物を備えた施設で，市立の小学校，中学校，高等学校が指定されています。,,/sendaicity-html/pict/80101_001.jpg,危機管理室減災推進課,140.7819039,38.35433082,指定避難所
指定避難所（高森中学校）,仙台市泉区高森6-2,"17,276(㎡)","8,600(人)",991(人),http://www.city.sendai.jp/kurashi/shobo/saigai/1188545_1388.html,避難のための広場と建物を備えた施設で，市立の小学校，中学校，高等学校が指定されています。,,/sendaicity-html/pict/80101_001.jpg,危機管理室減災推進課,140.8500225,38.33979715,指定避難所
指定避難所（泉松陵小学校）,仙台市泉区松陵3-35,"10,078(㎡)","5,000(人)",831(人),http://www.city.sendai.jp/kurashi/shobo/saigai/1188545_1388.html,避難のための広場と建物を備えた施設で，市立の小学校，中学校，高等学校が指定されています。,,/sendaicity-html/pict/80101_001.jpg,危機管理室減災推進課,140.9074726,38.3308809,指定避難所
指定避難所（北中山小学校）,仙台市泉区北中山2-27-5,"10,500(㎡)","5,200(人)",910(人),http://www.city.sendai.jp/kurashi/shobo/saigai/1188545_1388.html,避難のための広場と建物を備えた施設で，市立の小学校，中学校，高等学校が指定されています。,,/sendaicity-html/pict/80101_001.jpg,危機管理室減災推進課,140.8149161,38.31582145,指定避難所
指定避難所（桂小学校）,仙台市泉区桂3-1-1,"10,000(㎡)","5,000(人)",948(人),http://www.city.sendai.jp/kurashi/shobo/saigai/1188545_1388.html,避難のための広場と建物を備えた施設で，市立の小学校，中学校，高等学校が指定されています。,,/sendaicity-html/pict/80101_001.jpg,危機管理室減災推進課,140.8649119,38.33947924,指定避難所
指定避難所（鶴が丘中学校）,仙台市泉区鶴が丘2-1-1,"12,382(㎡)","6,100(人)",881(人),http://www.city.sendai.jp/kurashi/shobo/saigai/1188545_1388.html,避難のための広場と建物を備えた施設で，市立の小学校，中学校，高等学校が指定されています。,,/sendaicity-html/pict/80101_001.jpg,危機管理室減災推進課,140.9203415,38.31862718,指定避難所
指定避難所（松陵中学校）,仙台市泉区松陵5-32,"10,700(㎡)","5,300(人)","1,029(人)",http://www.city.sendai.jp/kurashi/shobo/saigai/1188545_1388.html,避難のための広場と建物を備えた施設で，市立の小学校，中学校，高等学校が指定されています。,,/sendaicity-html/pict/80101_001.jpg,危機管理室減災推進課,140.9161664,38.32903701,指定避難所
指定避難所（南光台東中学校）,仙台市泉区南光台東3-1-1,"14,152(㎡)","7,000(人)",758(人),http://www.city.sendai.jp/kurashi/shobo/saigai/1188545_1388.html,避難のための広場と建物を備えた施設で，市立の小学校，中学校，高等学校が指定されています。,,/sendaicity-html/pict/80101_001.jpg,危機管理室減災推進課,140.9146567,38.30212045,指定避難所
指定避難所（向陽台中学校）,仙台市泉区市名坂字天神沢38-4,"19,362(㎡)","9,600(人)",981(人),http://www.city.sendai.jp/kurashi/shobo/saigai/1188545_1388.html,避難のための広場と建物を備えた施設で，市立の小学校，中学校，高等学校が指定されています。,,/sendaicity-html/pict/80101_001.jpg,危機管理室減災推進課,140.9057616,38.33298615,指定避難所
指定避難所（将監東中学校）,仙台市泉区将監3-2-15,"10,993(㎡)","5,400(人)",992(人),http://www.city.sendai.jp/kurashi/shobo/saigai/1188545_1388.html,避難のための広場と建物を備えた施設で，市立の小学校，中学校，高等学校が指定されています。,,/sendaicity-html/pict/80101_001.jpg,危機管理室減災推進課,140.8870942,38.33270465,指定避難所
指定避難所（将監中学校）,仙台市泉区将監9-12-1,"9,274(㎡)","4,600(人)","1,155(人)",http://www.city.sendai.jp/kurashi/shobo/saigai/1188545_1388.html,避難のための広場と建物を備えた施設で，市立の小学校，中学校，高等学校が指定されています。,,/sendaicity-html/pict/80101_001.jpg,危機管理室減災推進課,140.8712624,38.33280118,指定避難所
指定避難所（将監西小学校）,仙台市泉区将監10-29-1,"8,922(㎡)","4,400(人)",703(人),http://www.city.sendai.jp/kurashi/shobo/saigai/1188545_1388.html,避難のための広場と建物を備えた施設で，市立の小学校，中学校，高等学校が指定されています。,,/sendaicity-html/pict/80101_001.jpg,危機管理室減災推進課,140.8696903,38.33446485,指定避難所
指定避難所（高森東小学校）,仙台市泉区高森7-1-1,"8,685(㎡)","4,300(人)",749(人),http://www.city.sendai.jp/kurashi/shobo/saigai/1188545_1388.html,避難のための広場と建物を備えた施設で，市立の小学校，中学校，高等学校が指定されています。,,/sendaicity-html/pict/80101_001.jpg,危機管理室減災推進課,140.8549623,38.33920286,指定避難所
指定避難所（長命ケ丘小学校）,仙台市泉区長命ケ丘5-14-1,"11,296(㎡)","5,600(人)",714(人),http://www.city.sendai.jp/kurashi/shobo/saigai/1188545_1388.html,避難のための広場と建物を備えた施設で，市立の小学校，中学校，高等学校が指定されています。,,/sendaicity-html/pict/80101_001.jpg,危機管理室減災推進課,140.8336866,38.3146886,指定避難所
指定避難所（南中山中学校）,仙台市泉区南中山2-26-1,"12,923(㎡)","6,400(人)","1,118(人)",http://www.city.sendai.jp/kurashi/shobo/saigai/1188545_1388.html,避難のための広場と建物を備えた施設で，市立の小学校，中学校，高等学校が指定されています。,,/sendaicity-html/pict/80101_001.jpg,危機管理室減災推進課,140.8278988,38.30785588,指定避難所
指定避難所（寺岡小学校）,仙台市泉区寺岡2-14-1,"12,545(㎡)","6,200(人)",961(人),http://www.city.sendai.jp/kurashi/shobo/saigai/1188545_1388.html,避難のための広場と建物を備えた施設で，市立の小学校，中学校，高等学校が指定されています。,,/sendaicity-html/pict/80101_001.jpg,危機管理室減災推進課,140.8283885,38.34038268,指定避難所
指定避難所（住吉台中学校）,仙台市泉区住吉台西4-1-2,"11,600(㎡)","5,800(人)","1,158(人)",http://www.city.sendai.jp/kurashi/shobo/saigai/1188545_1388.html,避難のための広場と建物を備えた施設で，市立の小学校，中学校，高等学校が指定されています。,,/sendaicity-html/pict/80101_001.jpg,危機管理室減災推進課,140.7814246,38.32980623,指定避難所
指定避難所（根白石中学校）,仙台市泉区根白石字東鹿野54,"12,101(㎡)","6,000(人)",771(人),http://www.city.sendai.jp/kurashi/shobo/saigai/1188545_1388.html,避難のための広場と建物を備えた施設で，市立の小学校，中学校，高等学校が指定されています。,,/sendaicity-html/pict/80101_001.jpg,危機管理室減災推進課,140.8020661,38.34680091,指定避難所
指定避難所（館中学校）,仙台市泉区館6-17-1,"9,154(㎡)","4,500(人)",962(人),http://www.city.sendai.jp/kurashi/shobo/saigai/1188545_1388.html,避難のための広場と建物を備えた施設で，市立の小学校，中学校，高等学校が指定されています。,,/sendaicity-html/pict/80101_001.jpg,危機管理室減災推進課,140.7992216,38.31745248,指定避難所
指定避難所（仙台商業高等学校）,仙台市泉区七北田字古内75,"59,002(㎡)","29,000(人)","2,298(人)",http://www.city.sendai.jp/kurashi/shobo/saigai/1188545_1388.html,避難のための広場と建物を備えた施設で，市立の小学校，中学校，高等学校が指定されています。,,/sendaicity-html/pict/80101_001.jpg,危機管理室減災推進課,140.8716739,38.32389382,指定避難所
指定避難所（市名坂小学校）,仙台市泉区市名坂字高玉1,"6,630(㎡)","3,300(人)","1,660(人)",http://www.city.sendai.jp/kurashi/shobo/saigai/1188545_1388.html,避難のための広場と建物を備えた施設で，市立の小学校，中学校，高等学校が指定されています。,,/sendaicity-html/pict/80101_001.jpg,危機管理室減災推進課,140.890722,38.31796778,指定避難所
指定避難所（愛子小学校）,仙台市青葉区上愛子字新宮前１,"5,510(㎡)","2,700(人)","1,170(人)",http://www.city.sendai.jp/kurashi/shobo/saigai/1188545_1388.html,避難のための広場と建物を備えた施設で，市立の小学校，中学校，高等学校が指定されています。,,/sendaicity-html/pict/80101_001.jpg,危機管理室減災推進課,140.7587647,38.26867895,指定避難所
指定避難所（富沢小学校）,仙台市太白区富沢字中河原17-１,"6,060(㎡)","3,000(人)","1,048(人)",http://www.city.sendai.jp/kurashi/shobo/saigai/1188545_1388.html,避難のための広場と建物を備えた施設で，市立の小学校，中学校，高等学校が指定されています。,,/sendaicity-html/pict/80101_001.jpg,危機管理室減災推進課,140.8626092,38.20968459,指定避難所
指定避難所（仙台大志高等学校）,仙台市宮城野区五輪1-4-10,,,352(人),http://www.city.sendai.jp/kurashi/shobo/saigai/1188545_1388.html,避難のための広場と建物を備えた施設で，市立の小学校，中学校，高等学校が指定されています。,,/sendaicity-html/pict/80101_001.jpg,危機管理室減災推進課,140.9007116,38.26287735,指定避難所
